Price,Close,High,Low,Open,Volume
Ticker,8210.TW,8210.TW,8210.TW,8210.TW,8210.TW
2024-05-28,319.0517578125,336.4809888917868,318.08346719698403,335.51269827627084,11242012
2024-05-29,325.34564208984375,327.28222329275945,313.2420095716204,321.4724796840123,5797774
2024-05-30,305.4956970214844,324.3773645077568,305.4956970214844,319.5359113061485,6145128
2024-05-31,295.3286437988281,310.821293965324,293.87620784571914,308.400567376809,6188261
2024-06-03,312.75787353515625,317.59932668585526,298.7176593981291,299.6859500282689,6741041
2024-06-04,303.0749816894531,315.17861514350477,300.1701096604807,313.2420337908565,3606659
2024-06-05,301.13836669921875,306.9481101082069,296.78105914247766,303.07494783554813,2365301
2024-06-06,298.7176513671875,310.3371386164784,298.7176513671875,305.49568559594053,2186928
2024-06-07,300.1700744628906,305.49567255819994,294.3603310861895,300.1700744628906,2559757
2024-06-11,290.0030212402344,303.07494373353376,290.0030212402344,302.1066531784745,2914223
2024-06-12,297.26519775390625,298.2334883003359,290.0030186556838,292.42374502175795,1713208
2024-06-13,291.9396057128906,300.17007552569186,291.9396057128906,298.233494393268,3650408
2024-06-14,294.3603210449219,298.233483163934,287.09814207177413,293.39203051516887,3151201
2024-06-17,300.6542053222656,301.1383505804335,290.4871549007397,292.90788119157924,2974036
2024-06-18,291.4554748535156,303.55910753015667,291.4554748535156,299.2017997665659,3538748
2024-06-19,285.6457214355469,294.3603366657839,283.709140273272,293.39204608464644,3871433
2024-06-20,288.0664367675781,291.4554536707261,286.12985568006496,286.12985568006496,1342174
2024-06-21,282.2567138671875,287.5823122420401,281.7725685603827,286.6140216284305,1734291
2024-06-24,282.7408752441406,289.0347645903287,282.2567299098185,282.2567299098185,1849717
2024-06-25,285.6962890625,292.5924063846983,283.23339001885773,285.20370925377154,2424040
2024-06-26,302.4440002441406,306.87721848876157,288.159185900362,288.65176570531986,5880790
2024-06-27,291.60723876953125,304.4143134452201,291.60723876953125,300.4736750834697,3406527
2024-06-28,296.5330505371094,298.99594962794913,293.0849918099337,293.5775716281016,1668193
2024-07-01,294.562744140625,301.4588618964256,293.0850046215249,299.48854253762545,2031040
2024-07-02,289.6369323730469,297.5182094444223,288.159192922164,295.05531035961747,1558375
2024-07-03,288.6517639160156,295.54788114267814,288.6517639160156,293.0849821331558,1525626
2024-07-04,288.6517639160156,293.0849821331558,284.71112550077993,291.11466292553797,2022056
2024-07-05,297.5182189941406,297.5182189941406,287.17404250593376,289.14436183702077,2265461
2024-07-08,295.5478820800781,300.96625991821287,294.5627224731445,299.4885205078125,2100262
2024-07-09,298.01080322265625,301.4588621029184,292.0998451422069,299.98112258280605,3251116
2024-07-10,295.0552978515625,299.9810958123565,294.5627180554831,298.99593622019773,1429065
2024-07-11,295.0552978515625,302.44399479275353,294.5627180554831,300.47367560843594,1851355
2024-07-12,283.7259826660156,292.0998397933112,283.7259826660156,291.6072599622938,2723153
2024-07-15,295.5478820800781,302.44399932861324,290.62208404541013,290.62208404541013,6390182
2024-07-16,310.81787109375,320.176887814481,297.025635926357,297.025635926357,10885887
2024-07-17,305.39947509765625,313.28075187436997,304.41431550056706,310.32527308310233,4823368
2024-07-18,295.5478820800781,300.47368011474606,287.1740254211426,297.5182012939453,3852231
2024-07-19,285.6962890625,296.5330448545258,285.6962890625,292.5924063846983,2053147
2024-07-22,262.0524597167969,287.17403010318156,258.11182122481495,283.7259714226974,4445244
2024-07-23,274.8595275878906,274.8595275878906,265.9930912140877,270.9188891995338,2575426
2024-07-26,269.441162109375,274.85954014082495,259.09698586751597,264.5153638989659,1713275
2024-07-29,252.69345092773438,275.84470276711744,251.70829127499468,273.38180363526817,2603796
2024-07-30,262.0524597167969,262.0524597167969,248.75280480635794,252.69344329833984,1598956
2024-07-31,272.3966369628906,279.2927543543562,256.63408292525503,261.06730124834,2962502
2024-08-01,282.7408142089844,291.6072508914961,277.81501605203346,285.69629310315497,4140509
2024-08-02,272.88922119140625,287.66661584076036,271.904061548116,271.904061548116,3563846
2024-08-05,245.79733276367188,262.54504681971366,245.79733276367188,262.05246699453596,2457646
2024-08-06,254.6637725830078,261.0673103849016,223.13866340445364,252.20087342843325,5209811
2024-08-07,274.8595275878906,278.8001659762475,256.14149524319555,256.14149524319555,3626632
2024-08-08,282.7408142089844,282.7408142089844,261.5598821340953,268.9485793695217,4386486
2024-08-09,284.21856689453125,293.5775838286666,283.7259870558926,291.6072644741118,5246396
2024-08-12,281.7556457519531,289.63692255620356,279.7853265508905,287.6666033551409,2384787
2024-08-13,278.8001708984375,287.6666074287765,277.8150112839554,286.1888680070533,2053275
2024-08-14,280.7705078125,285.69630619517545,279.7853481359649,283.2334070038377,2299317
2024-08-15,292.5924072265625,295.05530627729115,280.2779119729193,283.7259706439394,4545544
2024-08-16,300.9662780761719,306.38465624120937,296.53305957750484,302.9365974089128,4825863
2024-08-19,294.0701599121094,303.42917672673263,291.1146809180178,300.9662775649897,2353481
2024-08-20,298.01080322265625,301.4588621029184,295.547904022469,297.02564354258135,2087827
2024-08-21,290.1295166015625,297.51821396832554,287.6666174793082,294.5627350216203,2577280
2024-08-22,290.6221008300781,296.0404789811474,288.1592016705012,291.11468066199353,1662380
2024-08-23,301.4588623046875,301.4588623046875,288.6517864551419,288.6517864551419,5103519
2024-08-26,295.5478820800781,303.42915893554687,295.5478820800781,301.4588397216797,1831789
2024-08-27,295.5478820800781,300.96625991821287,293.57756286621094,293.57756286621094,1539112
2024-08-28,295.5478820800781,299.4885205078125,290.62208404541013,299.4885205078125,1749708
2024-08-29,295.5478820800781,298.0107810974121,290.62208404541013,291.60724365234375,1525485
2024-08-30,288.1591796875,298.5033553685897,288.1591796875,298.01077557425214,2078017
2024-09-02,285.6962890625,292.5924063846983,285.6962890625,290.6220871497845,868922
2024-09-03,287.6666259765625,290.6221050105683,285.2037267815577,286.68146629856057,875456
2024-09-04,263.0376281738281,274.85954404680916,263.0376281738281,272.88922473464567,3000131
2024-09-05,264.0227966308594,271.4114942977678,264.0227966308594,268.94859507546494,1658563
2024-09-06,263.0376281738281,268.9485861103186,262.5450483457872,266.4856869701143,1685521
2024-09-09,267.4708557128906,267.9634355576657,253.18604021441212,253.18604021441212,1270128
2024-09-10,268.9485778808594,279.29275395320013,265.5005191900791,269.9337375067966,3138134
2024-09-11,266.4856872558594,272.8892250272571,265.50052759872125,270.91890571298086,1222236
2024-09-12,279.2927551269531,280.2779147570306,270.42631845625624,273.3817973464885,2125095
2024-09-13,276.8298645019531,280.27792331247565,272.8892258613559,279.29276365232636,1334183
2024-09-16,273.3818054199219,279.78534320453264,273.3818054199219,278.8001835453618,554000
2024-09-18,267.9634094238281,275.84468617158774,267.9634094238281,273.87436698464785,647221
2024-09-19,276.3372802734375,276.8298600956718,270.9189022288603,271.4114820510946,819101
2024-09-20,277.32244873046875,281.263087433566,275.35212937892015,280.77050759567885,718341
2024-09-23,274.8595275878906,280.27790537188133,274.366947789346,279.7853255733367,618205
2024-09-24,276.3372802734375,277.8150197401404,272.3966416955632,275.3521206289689,537007
2024-09-25,275.8446960449219,281.75565381731303,275.8446960449219,279.78533455984933,1437822
2024-09-26,274.366943359375,278.800161474697,273.3817837781923,278.800161474697,1064503
2024-09-27,270.9189147949219,281.75567138671875,268.94859541459516,277.32245278098367,1504410
2024-09-30,261.55987548828125,269.9337321423317,261.55987548828125,268.9485725359728,1929427
2024-10-01,260.0821533203125,265.00795167865175,256.14151463364107,265.00795167865175,2070405
2024-10-04,254.6637725830078,263.5302095394762,254.17119275209288,262.0524700467314,1213290
2024-10-07,261.55987548828125,262.5450350946401,258.1118168660252,258.1118168660252,807142
2024-10-08,262.0524597167969,265.50051839728104,259.09698084781047,264.0227789627878,1448165
2024-10-09,257.6192321777344,266.4856684668342,257.6192321777344,265.5005088791564,1092539
2024-10-11,257.6192321777344,262.0524503222843,257.6192321777344,260.57471094076766,658148
2024-10-14,274.366943359375,278.3075816841057,259.0969698510435,259.0969698510435,4443626
2024-10-15,282.7408142089844,283.23339402467946,270.9188986323021,274.85953715786286,3534049
2024-10-16,285.2037048339844,293.57756145259873,277.3224280164649,278.8001674197498,4182415
2024-10-17,290.1295166015625,293.57757537271857,280.2779201125451,291.6072560749151,3683344
2024-10-18,287.1740417480469,297.51821820895424,283.72598292774444,293.57757955718,3048655
2024-10-21,286.1888732910156,292.5924109033791,285.2037136583443,291.11467145437217,1393768
2024-10-22,288.1591796875,292.59239783653845,283.72596153846155,288.6517594818376,1984566
2024-10-23,296.5330505371094,297.51821017344525,287.6666138100862,287.6666138100862,4052493
2024-10-24,290.6221008300781,301.4588571322166,290.6221008300781,298.50337814072435,2631359
2024-10-25,288.1591796875,293.0849776308761,288.1591796875,291.6072382478633,783317
2024-10-28,282.7408142089844,290.6220912601059,281.7556545775942,290.1295114444108,837319
2024-10-29,277.32244873046875,281.75566727145315,273.87438986525865,281.75566727145315,1184079
2024-10-30,279.78533935546875,281.75565864670443,274.85954112737954,277.81502006423307,620278
2024-11-01,282.7408142089844,283.7259738403746,272.8892178950825,273.8743775264727,927062
2024-11-04,278.8001708984375,284.7111285853302,277.8150112839554,284.7111285853302,534223
2024-11-05,274.8595275878906,281.75564476751515,273.87436799080143,276.33726698352444,919374
2024-11-06,278.8001708984375,282.74080935636596,277.3224314767143,277.3224314767143,592107
2024-11-07,290.6221008300781,292.5924201577397,278.30760503219346,278.80018486410887,1539773
2024-11-08,285.6962890625,288.1591881061422,282.24823040140086,286.6814486799569,2133600
2024-11-11,311.80303955078125,314.2659387573435,289.1443668504085,292.0998458982832,8343288
2024-11-12,302.93658447265625,316.23623940072406,301.45884503620425,307.3698027820122,4995628
2024-11-13,307.8623962402344,311.310455078125,303.429177734375,305.3994970703125,3857884
2024-11-14,301.951416015625,310.8178523749745,301.45883621788334,307.36979379078304,2007410
2024-11-15,292.5924072265625,304.9069024802057,291.11466779612533,304.9069024802057,1732283
2024-11-18,286.68145751953125,293.5775750543653,286.68145751953125,292.59241540653187,992949
2024-11-19,283.7259826660156,289.1443608072069,282.24824317296344,284.7111423280504,1512815
2024-11-20,288.6517639160156,288.6517639160156,288.6517639160156,288.6517639160156,1324707
2024-11-21,286.68145751953125,291.60725575869844,286.68145751953125,288.6517768151981,811106
2024-11-22,293.57757568359375,297.51821428337354,290.6220967337589,291.1146765587314,1170211
2024-11-25,298.9959411621094,302.4439997916559,294.07014311989997,295.05530272834187,1212819
2024-11-26,292.0998229980469,301.4588392492491,291.1146633926572,299.48852003846963,1201163
2024-11-27,282.7408142089844,297.51820867983724,282.2482343932893,293.5775701542765,1556695
2024-11-28,280.7705078125,285.69630619517545,276.3372892680921,283.2334070038377,1069211
2024-11-29,284.71112060546875,286.68143977920903,277.8150034973778,279.292742877683,914108
2024-12-02,287.1740417480469,291.6072602312929,283.23340309627264,287.6666215795187,1250053
2024-12-03,290.6221008300781,292.5924201577397,286.18888234283963,291.11468066199353,1144102
2024-12-04,293.57757568359375,294.0701555085662,290.1295169087864,290.6220967337589,822610
2024-12-05,299.488525390625,306.38464275159333,294.0701474641499,294.0701474641499,2197903
2024-12-06,306.8772277832031,308.3549672428333,299.4885304850522,299.9811103049289,2318562
2024-12-09,283.2333984375,299.98111243206523,280.77049932065216,299.98111243206523,4343330
2024-12-10,283.7259826660156,286.68146165211994,282.24824317296344,283.7259826660156,1119480
2024-12-11,281.7556457519531,285.69628415407834,279.7853265508905,281.7556457519531,922616
2024-12-12,281.2630615234375,285.6962796560311,280.7704817309271,283.7259604859895,748183
2024-12-13,278.3075866699219,282.740804864664,276.8298472716745,281.2630654664166,751675
2024-12-16,271.904052734375,281.2630690422611,270.4263133173404,280.7704892365829,847770
2024-12-17,269.9337463378906,274.85954462872803,268.4560068506394,273.8743849705606,883120
2024-12-18,269.9337463378906,270.91890599605813,266.97826736338817,269.9337463378906,591001
2024-12-19,267.9634094238281,268.94856901729804,262.0524518630084,268.94856901729804,1337020
2024-12-20,265.99310302734375,271.90406087239586,263.0376241048177,267.9634223090278,1405192
2024-12-23,271.4114685058594,273.3817876964645,268.4559897199517,268.94856951760295,566046
2024-12-24,267.4708557128906,274.36697353974233,267.4708557128906,274.36697353974233,515106
2024-12-25,266.4856872558594,270.4263258844118,265.9931074272903,268.45600657013557,578094
2024-12-26,267.9634094238281,269.44114881403306,266.97824983035815,268.4559892205631,314084
2024-12-27,265.0079345703125,270.42631241468695,265.0079345703125,270.42631241468695,504008
2024-12-30,263.0376281738281,267.470846626196,263.0376281738281,265.5005273140325,391030
2024-12-31,262.5450439453125,264.5153632244518,259.58956502660357,263.53020358488214,671115
2025-01-02,258.6044006347656,265.5005179850261,258.11182082403275,262.54503912062876,653651
2025-01-03,263.0376281738281,266.9782667981551,261.5598886897055,262.0524685177464,882230
2025-01-06,266.978271484375,269.93375050449725,265.00795213762683,266.978271484375,529011
2025-01-07,264.5153503417969,269.93372809553944,264.5153503417969,269.44114829974467,1470100
2025-01-08,269.9337463378906,271.90406565422563,265.9931077052207,265.9931077052207,1000162
2025-01-09,261.55987548828125,271.90405135504943,261.55987548828125,270.91889174869056,1130121
2025-01-10,259.09698486328125,265.5005225119935,258.1118252250178,262.0524637780715,639161
2025-01-13,236.4383087158203,256.63408091862993,233.48282985687254,256.63408091862993,3154151
2025-01-14,235.94573974609375,239.88637840573625,233.4828405838172,239.88637840573625,1411088
2025-01-15,233.4828338623047,241.36411095470314,233.4828338623047,235.4531531354043,1018156
2025-01-16,239.393798828125,243.82701732494212,237.91605932918594,237.91605932918594,859055
2025-01-17,242.34927368164062,242.84185350619683,235.94573596241028,239.39379473430355,748242
2025-01-20,256.63409423828125,256.63409423828125,246.28991769508758,247.7676572012581,1069145
2025-01-21,255.15634155273438,259.58955984226066,249.73796364331338,256.63408098257645,1119080
2025-01-22,261.0672912597656,261.0672912597656,255.15633372180866,259.58955187527636,930181
2025-02-03,235.45315551757812,246.28991162926584,234.9605756943196,238.90121428038785,2168198
2025-02-04,239.393798828125,240.87153832706403,234.4680004983282,239.393798828125,1129101
2025-02-05,241.856689453125,244.31958853105905,240.37895000636456,243.82700871547226,761420
2025-02-06,243.82701110839844,250.72312859429255,240.3789523654514,247.27506985134548,1252157
2025-02-07,259.5895690917969,265.50052702178084,246.2899137493329,251.70829185181822,3440289
2025-02-10,255.64892578125,261.0673037843208,254.17118632586704,261.0673037843208,890020
2025-02-11,262.0524597167969,263.5301991512901,255.15634235582854,255.15634235582854,970912
2025-02-12,269.9337463378906,275.84470428689554,263.03762873071827,263.03762873071827,2582947
2025-02-13,283.7259826660156,290.62210030025904,280.7705036799113,283.7259826660156,6968299
2025-02-14,276.3372802734375,288.65177582929476,272.88922151779747,286.1888767181233,5886249
2025-02-17,287.1740417480469,291.6072602312929,278.80018461302666,279.7853442759702,4372228
2025-02-18,288.1591796875,293.5775574252137,285.69628071581195,287.17402009882477,3585032
2025-02-19,288.1591796875,293.0849776308761,286.6814403044872,289.6369190705128,1467174
2025-02-20,292.5924072265625,297.02562551787406,287.6666091251052,290.12950817583385,2691902
2025-02-21,297.025634765625,305.3994917988184,292.09983651080535,293.57757598725124,4457350
2025-02-24,296.5330505371094,297.51821017344525,284.7111349010784,290.6220927190939,1838644
2025-02-25,290.6221008300781,296.0404789811474,288.6517815024166,289.63694116624737,1021613
2025-02-26,291.60723876953125,293.57755795040646,288.65175999821844,291.1146589743125,837114
2025-02-27,289.14434814453125,296.5330452862143,287.1740289067491,291.6072471917589,1362021
2025-03-03,283.2333984375,287.17403702445654,281.7556589673913,286.68145720108697,779094
2025-03-04,288.6517639160156,291.11466292553797,273.8743698588817,274.3669496607862,1052279
2025-03-05,286.1888732910156,292.09983108704347,285.69629347468,289.6369320053652,1021440
2025-03-06,289.14434814453125,292.09982700120446,286.18886928785804,289.14434814453125,926111
2025-03-07,282.7408142089844,292.59241052288627,282.7408142089844,287.1740325502402,795354
2025-03-10,286.1888732910156,290.6220916380365,283.7259742093373,288.1591925563582,786055
2025-03-11,288.1591796875,288.6517594818376,272.3966262686966,280.7704827724359,1157492
2025-03-12,280.2779235839844,290.12952019502075,280.2779235839844,288.15920087281347,1131282
2025-03-13,288.1591796875,293.0849776308761,284.7111211271368,284.7111211271368,1842152
2025-03-14,284.21856689453125,293.08500399002793,282.74082737861517,288.65178544227956,1396435
2025-03-17,285.2037048339844,290.129502844934,283.7259654306995,289.63692304383903,626100
2025-03-18,287.6666259765625,288.1592058155635,284.71114694255675,286.68146629856057,578100
2025-03-19,278.8001708984375,286.6814478142944,278.8001708984375,286.1888680070533,811099
2025-03-20,284.71112060546875,291.6072377135597,283.7259610185986,283.7259610185986,1143074
2025-03-21,287.1740417480469,288.6517812424622,283.72598292774444,285.69630225363153,620383
2025-03-24,279.78533935546875,290.62209545726506,279.78533935546875,290.62209545726506,545661
2025-03-25,282.7408142089844,285.69629310315497,279.78533531481384,284.71113347176475,384144
2025-03-26,287.1740417480469,289.144361073934,281.26308377038555,284.2185627592162,404651
2025-03-27,278.3075866699219,284.2185442629114,276.8298472716745,284.2185442629114,838096
2025-03-28,273.8743896484375,278.3076081859122,270.91891062345434,277.3224485109178,668545
2025-03-31,246.78248596191406,266.9782582661825,246.78248596191406,265.0079390169856,1830208
2025-04-01,252.20086669921875,254.6637657880783,244.81216943264008,249.24538779258728,774004
2025-04-02,252.20086669921875,256.14150524139404,251.70828688144684,252.20086669921875,300228
2025-04-07,227.0792999267578,227.0792999267578,227.0792999267578,227.0792999267578,30205
2025-04-08,204.42062377929688,204.42062377929688,204.42062377929688,204.42062377929688,290041
2025-04-09,184.224853515625,195.0616096047794,184.224853515625,187.18033244903074,822150
2025-04-10,202.45030212402344,202.45030212402344,202.45030212402344,202.45030212402344,770020
2025-04-11,221.66091918945312,221.66091918945312,188.65807122124565,197.03192816840277,2040872
2025-04-14,221.66091918945312,232.00509541829427,220.67575954861113,228.55703667534723,1573318
2025-04-15,228.55703735351562,231.0199364629285,224.12381895657242,224.12381895657242,695162
2025-04-16,219.6905975341797,227.5718745757646,218.70543790398156,224.61639568517026,967313
2025-04-17,223.13865661621094,226.0941355117899,218.7054382728425,219.69059790470217,793012
2025-04-18,222.6460723876953,226.09413103086757,221.66091277536037,223.13865219386278,531001
2025-04-21,228.064453125,229.04961274973002,220.67575593952483,226.09413387553997,1247201
2025-04-22,215.7499542236328,222.64607148192246,215.25737441946927,220.18317246110473,1639220
2025-04-23,229.04962158203125,232.00510057018647,223.13866360572075,224.12382326843917,1136326
2025-04-24,224.12380981445312,232.49766644488324,224.12380981445312,232.00508664309325,549228
2025-04-25,238.90121459960938,244.31959266269328,232.497676888692,234.9605760082756,1753049
2025-04-28,239.393798828125,245.79733665686084,237.91605932918594,240.87153832706403,1312032
2025-04-29,246.78248596191406,247.76764558651251,236.43830990363023,239.88636858972484,1124263
2025-04-30,241.856689453125,251.70828576486124,241.856689453125,246.28990779340631,944213
2025-05-02,255.64892578125,257.12666523663296,248.26022850433526,249.24538814125722,954080
2025-05-05,252.69345092773438,261.0673079760219,247.275072837666,260.574728149652,880600
2025-05-06,261.0672912597656,264.51534982357384,250.2305357735112,250.2305357735112,933036
2025-05-07,256.63409423828125,264.02279176913385,256.63409423828125,261.06731275679283,531268
2025-05-08,267.9634094238281,268.94856901729804,262.0524518630084,263.0376114564783,1221776
2025-05-09,282.7408142089844,290.6220912601059,276.82985642064324,281.7556545775942,3740949
2025-05-12,290.6221008300781,292.5924201577397,286.18888234283963,290.6221008300781,1964903
2025-05-13,287.6666259765625,298.50338243458367,286.68146629856057,295.0553235615769,2048212
2025-05-14,291.60723876953125,303.4291538547825,287.66660040778083,290.62207917909365,5246442
2025-05-15,290.6221008300781,297.0256386449782,290.6221008300781,290.6221008300781,1667354
2025-05-16,289.14434814453125,290.6220875728679,285.6962894784125,290.6220875728679,1053357
2025-05-19,282.7408142089844,288.6517719973255,282.7408142089844,288.15919218163043,1328280
2025-05-20,297.5182189941406,299.48853832522764,286.18888284039025,286.18888284039025,2825952
2025-05-21,302.93658447265625,304.90690372125886,298.5033661633003,298.995945975451,3107722
2025-05-22,300.9662780761719,307.862395740765,297.5182192438753,299.4885385766162,1689679
2025-05-23,296.5330505371094,303.9217478096287,296.5330505371094,302.9365881732928,707536
2025-05-26,315.2510986328125,321.16205673217775,295.055325126648,296.53306465148927,4647135
2025-05-27,318.2065734863281,323.1323718375097,313.2807751351466,315.2510944756192,3098504
2025-05-28,318.6991271972656,326.0878241183769,315.74364842882113,321.6546059657101,2425576
2025-05-29,318.6991271972656,328.0581432973399,314.26590904459886,328.0581432973399,2599380
2025-06-02,318.2065734863281,322.6397920023915,313.77335497026473,316.72883398097366,1556050
2025-06-03,324.610107421875,327.5655863968845,315.2510906676783,318.2065696426878,2341151
2025-06-04,336.9245910644531,339.8800699334396,326.5804150230006,327.5655746459961,3780085
2025-06-05,336.9245910644531,337.9097506874486,331.01363332648026,334.9542718184622,1619244
2025-06-06,330.52105712890625,338.4023341990441,326.0878387769537,336.92459474839325,1196234
2025-06-09,330.52105712890625,332.49137639644067,320.6694607912339,329.0433176782554,2120290
2025-06-10,359.583251953125,362.0461509391053,330.5210439185574,331.01362371575345,6430077
2025-06-11,374.8532409667969,375.8384006014008,359.5832666304359,365.00164462075753,5394215
2025-06-12,376.82354736328125,376.82354736328125,367.46453115425857,368.44969075520834,2289327
2025-06-13,377.3161315917969,390.61578636069834,368.4496950791959,370.42001430421834,2540274
2025-06-16,414.752197265625,414.752197265625,371.89775408022194,377.3161319542384,6297134
2025-06-17,415.2447814941406,416.22994111808873,402.4377063828148,408.8412439384777,5665574
2025-06-18,456.6214904785156,456.6214904785156,416.2299454739436,420.66316382810396,10117242
2025-06-19,465.9804992675781,471.89145697498924,453.173424234854,456.1289030885595,7450969
2025-06-20,466.9656677246094,489.62433936525497,464.0101888149599,468.4434071794341,10473194
2025-06-23,463.0250244140625,490.60949395362366,454.6511675895528,463.0250244140625,5760685
2025-06-24,468.93597412109375,487.6540067015576,464.50275587835233,475.8320913875804,5319019
2025-06-25,497.505615234375,506.3720519415223,478.78758218595294,484.6985399907178,6451152
2025-06-26,480.0,505.0,479.0,501.0,4649091
2025-06-27,483.5,490.0,475.5,487.5,2473207
2025-06-30,487.0,497.0,482.0,485.0,2766062
2025-07-01,495.0,497.0,484.0,488.0,2166748
2025-07-02,494.5,505.0,487.5,490.5,2425266
2025-07-03,490.0,501.0,483.0,500.0,2805096
2025-07-04,487.5,494.5,486.5,490.5,1342523
2025-07-07,501.0,516.0,487.5,490.5,5990761
2025-07-08,525.0,527.0,497.0,497.0,6101954
2025-07-09,522.0,526.0,510.0,520.0,3102322
2025-07-10,533.0,540.0,507.0,513.0,3950917
2025-07-11,527.0,552.0,522.0,542.0,4465500
2025-07-14,531.0,540.0,526.0,530.0,1991876
2025-07-15,536.0,537.0,525.0,531.0,1923479
2025-07-16,534.0,549.0,532.0,544.0,1937209
2025-07-17,539.0,544.0,526.0,541.0,1737653
2025-07-18,542.0,545.0,531.0,544.0,1960416
2025-07-21,540.0,540.0,525.0,536.0,580278
2025-07-22,532.0,539.0,523.0,536.0,614169
2025-07-23,526.0,545.0,525.0,541.0,747182
2025-07-24,525.0,535.0,523.0,526.0,504295
2025-07-25,530.0,535.0,518.0,534.0,615500
2025-07-28,513.0,530.0,513.0,530.0,671821
2025-07-29,508.0,508.0,485.5,508.0,954563
2025-07-30,507.0,512.0,493.5,493.5,705436
2025-07-31,513.0,530.0,513.0,514.0,612649
2025-08-04,476.5,528.0,476.5,528.0,3479767
2025-08-05,491.5,497.5,473.5,484.5,3862042
2025-08-06,499.0,502.0,480.0,495.0,3506835
2025-08-07,530.0,542.0,505.0,510.0,3745510
2025-08-08,583.0,583.0,552.0,562.0,6236881
2025-08-11,602.0,620.0,584.0,605.0,6301662
2025-08-12,617.0,620.0,588.0,602.0,3574982
2025-08-13,600.0,636.0,594.0,632.0,4222997
2025-08-14,602.0,615.0,598.0,606.0,2510386
2025-08-15,604.0,613.0,595.0,608.0,1792684
2025-08-18,625.0,633.0,591.0,601.0,3412835
2025-08-19,608.0,647.0,606.0,636.0,3940984
2025-08-20,599.0,623.0,599.0,608.0,2946603
2025-08-21,606.0,615.0,598.0,608.0,1920097
2025-08-22,597.0,611.0,595.0,608.0,1181690
2025-08-25,599.0,622.0,597.0,615.0,2102909
2025-08-26,601.0,603.0,582.0,603.0,1759029
2025-08-27,620.0,622.0,600.0,608.0,2540284
2025-08-28,613.0,617.0,602.0,613.0,1499470
2025-08-29,609.0,623.0,609.0,620.0,1792270
2025-09-01,578.0,611.0,574.0,611.0,2507156
2025-09-02,570.0,588.0,561.0,588.0,1386140
2025-09-03,571.0,579.0,566.0,572.0,1132307
2025-09-04,569.0,580.0,566.0,578.0,755212
2025-09-05,606.0,614.0,574.0,574.0,2971711
2025-09-08,602.0,616.0,602.0,616.0,1218100
2025-09-09,592.0,613.0,589.0,610.0,1908379
2025-09-10,636.0,641.0,606.0,609.0,5726420
2025-09-11,640.0,666.0,628.0,645.0,4769442
2025-09-12,615.0,649.0,612.0,645.0,3514085
2025-09-15,606.0,621.0,602.0,615.0,1230984
2025-09-16,607.0,618.0,603.0,615.0,1058315
2025-09-17,598.0,607.0,592.0,606.0,1045356
2025-09-18,612.0,612.0,596.0,599.0,942306
2025-09-19,594.0,615.0,594.0,612.0,1947948
2025-09-22,595.0,606.0,591.0,595.0,781035
2025-09-23,600.0,612.0,597.0,601.0,1330219
2025-09-24,600.0,605.0,584.0,605.0,1133691
2025-09-25,593.0,605.0,588.0,599.0,1107029
2025-09-26,577.0,595.0,572.0,591.0,1289834
2025-09-30,592.0,597.0,582.0,582.0,798160
2025-10-01,587.0,605.0,586.0,594.0,1114372
2025-10-02,608.0,618.0,593.0,599.0,3088054
2025-10-03,626.0,630.0,611.0,620.0,3572122
2025-10-07,621.0,686.0,617.0,645.0,4426972
2025-10-08,614.0,633.0,613.0,628.0,1886819
2025-10-09,625.0,626.0,613.0,618.0,1750620
2025-10-13,615.0,619.0,598.0,598.0,997572
2025-10-14,599.0,629.0,597.0,616.0,1358666
2025-10-15,651.0,652.0,606.0,609.0,3550821
2025-10-16,680.0,685.0,660.0,670.0,4388349
2025-10-17,707.0,724.0,674.0,680.0,9406227
2025-10-20,727.0,746.0,714.0,721.0,4176058
2025-10-21,714.0,738.0,712.0,733.0,2035958
2025-10-22,764.0,776.0,710.0,712.0,5116099
2025-10-23,772.0,780.0,749.0,764.0,3783729
2025-10-27,822.0,828.0,784.0,791.0,4297643
2025-10-28,904.0,904.0,824.0,827.0,4391009
2025-10-29,918.0,950.0,910.0,936.0,4394507
2025-10-30,918.0,937.0,883.0,930.0,3770455
2025-10-31,927.0,965.0,911.0,920.0,3495863
2025-11-03,975.0,981.0,935.0,936.0,3203013
2025-11-04,975.0,1005.0,966.0,980.0,3636561
2025-11-05,983.0,984.0,932.0,950.0,2970246
2025-11-06,995.0,1005.0,975.0,999.0,2571688
2025-11-07,1010.0,1025.0,984.0,984.0,2658538
2025-11-10,1015.0,1030.0,983.0,1025.0,2269087
2025-11-11,1070.0,1110.0,1025.0,1030.0,3844491
2025-11-12,1010.0,1110.0,999.0,1080.0,2913527
2025-11-13,1010.0,1050.0,1000.0,1000.0,1264838
2025-11-14,993.0,1015.0,989.0,995.0,1285001
2025-11-17,970.0,1015.0,967.0,1005.0,1751825
2025-11-18,933.0,982.0,926.0,965.0,1661028
2025-11-19,908.0,942.0,906.0,927.0,1154922
2025-11-20,956.0,970.0,936.0,969.0,1482408
2025-11-21,894.0,931.0,889.0,925.0,1614728
2025-11-24,880.0,914.0,860.0,913.0,2211424
2025-11-25,891.0,899.0,861.0,898.0,1571135
2025-11-26,920.0,923.0,883.0,896.0,1640339
2025-11-27,965.0,999.0,928.0,930.0,3721973
2025-11-28,963.0,981.0,951.0,963.0,1448945
2025-12-01,911.0,963.0,907.0,963.0,2293188
2025-12-02,899.0,937.0,897.0,910.0,1859427
2025-12-03,895.0,913.0,883.0,910.0,2125891
2025-12-04,892.0,912.0,882.0,898.0,1085412
2025-12-05,891.0,903.0,890.0,893.0,835093
2025-12-08,936.0,941.0,892.0,899.0,2144321
2025-12-09,911.0,945.0,895.0,933.0,2946704
2025-12-10,899.0,921.0,895.0,920.0,1621422
2025-12-11,904.0,934.0,904.0,910.0,2187111
2025-12-12,915.0,931.0,906.0,920.0,1657926
2025-12-15,875.0,899.0,866.0,899.0,2413779
2025-12-16,862.0,884.0,860.0,869.0,935418
2025-12-17,894.0,908.0,864.0,870.0,2276094
2025-12-18,886.0,900.0,872.0,892.0,1421139
2025-12-19,943.0,945.0,900.0,900.0,3442564
2025-12-22,942.0,970.0,935.0,951.0,2153590
2025-12-23,955.0,976.0,947.0,949.0,2048261
2025-12-24,964.0,992.0,963.0,972.0,2613151
2025-12-26,973.0,986.0,971.0,980.0,1240270
2025-12-29,986.0,987.0,960.0,978.0,1162515
2025-12-30,1000.0,1010.0,972.0,981.0,1193947
2025-12-31,1005.0,1015.0,988.0,1005.0,1498827
2026-01-02,954.0,1010.0,939.0,1000.0,3513123
2026-01-05,957.0,984.0,941.0,979.0,1697304
2026-01-06,990.0,1005.0,958.0,961.0,2985773
2026-01-07,975.0,1030.0,972.0,999.0,2723528
2026-01-08,921.0,969.0,919.0,969.0,4018148
2026-01-09,910.0,940.0,905.0,927.0,2102165
2026-01-12,911.0,933.0,902.0,923.0,1321057
2026-01-13,952.0,965.0,920.0,927.0,3077645
2026-01-14,979.0,998.0,965.0,971.0,2983337
2026-01-15,933.0,977.0,933.0,977.0,1786599
2026-01-16,928.0,949.0,924.0,942.0,1400473
2026-01-19,903.0,930.0,903.0,930.0,1511867
2026-01-20,900.0,911.0,892.0,903.0,1284644
2026-01-21,909.0,940.0,895.0,896.0,1768237
2026-01-22,940.0,945.0,908.0,933.0,2054749
2026-01-23,969.0,970.0,933.0,943.0,2607241
2026-01-26,971.0,994.0,949.0,980.0,2348626
2026-01-27,965.0,995.0,963.0,976.0,2067752
2026-01-28,948.0,986.0,943.0,972.0,2779543
2026-01-29,930.0,963.0,929.0,951.0,1818837
2026-01-30,905.0,931.0,892.0,930.0,2094564
2026-02-02,900.0,921.0,884.0,891.0,1370382
2026-02-03,955.0,957.0,912.0,913.0,2058653
2026-02-04,988.0,994.0,962.0,964.0,3968521
2026-02-05,1085.0,1085.0,993.0,993.0,7378746
2026-02-06,977.0,1050.0,977.0,1035.0,3169235
2026-02-09,931.0,1000.0,930.0,1000.0,4637632
2026-02-10,983.0,990.0,926.0,942.0,2856836
2026-02-11,975.0,1000.0,966.0,980.0,2337640
2026-02-23,890.0,981.0,890.0,978.0,6957912
2026-02-24,870.0,906.0,861.0,905.0,6480933
2026-02-25,909.0,914.0,880.0,880.0,3705731
2026-02-26,918.0,925.0,891.0,916.0,3765397
2026-03-02,934.0,940.0,888.0,894.0,2379910
2026-03-03,912.0,970.0,912.0,939.0,3016081
2026-03-04,880.0,913.0,866.0,900.0,2308111
2026-03-05,930.0,950.0,914.0,915.0,2382520
2026-03-06,939.0,950.0,919.0,935.0,1748654
2026-03-09,871.0,887.0,861.0,874.0,2487386
2026-03-10,887.0,908.0,877.0,902.0,1888267
2026-03-11,894.0,909.0,868.0,902.0,5138986
2026-03-12,881.0,912.0,878.0,891.0,2935249
2026-03-13,894.0,901.0,865.0,873.0,1852396
2026-03-16,888.0,903.0,881.0,901.0,1463456
2026-03-17,881.0,907.0,881.0,905.0,2183853
2026-03-18,890.0,896.0,872.0,891.0,3524110
2026-03-19,892.0,910.0,883.0,883.0,2809314
2026-03-20,912.0,912.0,885.0,900.0,2686743
2026-03-23,893.0,904.0,884.0,890.0,1667700
2026-03-24,868.0,915.0,865.0,908.0,2938996
2026-03-25,904.0,917.0,883.0,886.0,2948793
2026-03-26,903.0,923.0,893.0,916.0,2710854
2026-03-27,909.0,912.0,884.0,896.0,1530564
2026-03-30,895.0,903.0,876.0,891.0,2653838
2026-03-31,867.0,905.0,864.0,895.0,2965065
2026-04-01,899.0,915.0,889.0,894.0,2361919
2026-04-02,841.0,910.0,840.0,910.0,5081369
2026-04-07,830.0,857.0,827.0,857.0,3106975
2026-04-08,898.0,899.0,850.0,855.0,3848877
2026-04-09,880.0,905.0,878.0,901.0,2703612
2026-04-10,890.0,901.0,885.0,893.0,1418061
2026-04-13,900.0,907.0,875.0,887.0,2074988
2026-04-14,961.0,967.0,911.0,911.0,5261596
2026-04-15,992.0,1010.0,965.0,987.0,5169273
2026-04-16,1020.0,1045.0,1005.0,1010.0,4241426
2026-04-17,1020.0,1050.0,1015.0,1030.0,2332518
2026-04-20,1020.0,1045.0,1005.0,1040.0,1937829
2026-04-21,1020.0,1035.0,992.0,1035.0,1746010
2026-04-22,1045.0,1075.0,1020.0,1030.0,2340786
2026-04-23,1100.0,1145.0,1050.0,1095.0,5721926
2026-04-24,1210.0,1210.0,1130.0,1165.0,5122077
2026-04-27,1165.0,1300.0,1110.0,1300.0,5761029
2026-04-28,1170.0,1185.0,1105.0,1150.0,2993090
2026-04-29,1120.0,1160.0,1115.0,1160.0,2428432
2026-04-30,1130.0,1155.0,1110.0,1150.0,2178672
2026-05-04,1150.0,1170.0,1130.0,1150.0,1403136
2026-05-05,1265.0,1265.0,1155.0,1165.0,2268477
2026-05-06,1325.0,1350.0,1215.0,1275.0,5020642
2026-05-07,1290.0,1450.0,1240.0,1400.0,7891504
2026-05-08,1415.0,1415.0,1335.0,1345.0,5808204
2026-05-11,1555.0,1555.0,1455.0,1455.0,3504488
2026-05-12,1550.0,1590.0,1485.0,1505.0,4818181
2026-05-13,1520.0,1530.0,1415.0,1500.0,3513915
2026-05-14,1460.0,1560.0,1450.0,1560.0,2217874
2026-05-15,1410.0,1500.0,1405.0,1500.0,1582604
2026-05-18,1380.0,1410.0,1325.0,1385.0,1206179
2026-05-19,1325.0,1400.0,1315.0,1390.0,1170291
2026-05-20,1285.0,1345.0,1270.0,1330.0,1073548
2026-05-21,1335.0,1345.0,1295.0,1340.0,1242900
2026-05-22,1345.0,1380.0,1330.0,1350.0,1194229
2026-05-25,1435.0,1455.0,1380.0,1400.0,1541829
2026-05-26,1440.0,1470.0,1410.0,1470.0,1393749
2026-05-27,1395.0,1470.0,1385.0,1470.0,1308777
2026-05-28,,,,,1718359
