Price,Close,High,Low,Open,Volume
Ticker,4991.TWO,4991.TWO,4991.TWO,4991.TWO,4991.TWO
2024-05-28,42.099998474121094,43.099998474121094,39.29999923706055,39.29999923706055,353000
2024-05-29,42.04999923706055,43.04999923706055,40.849998474121094,43.0,188000
2024-05-30,41.650001525878906,42.5,41.04999923706055,41.04999923706055,130000
2024-05-31,41.95000076293945,42.0,41.400001525878906,41.650001525878906,133000
2024-06-03,41.349998474121094,42.20000076293945,41.349998474121094,42.099998474121094,102000
2024-06-04,41.79999923706055,42.0,40.400001525878906,41.349998474121094,75000
2024-06-05,42.099998474121094,43.79999923706055,41.04999923706055,41.04999923706055,165000
2024-06-06,42.099998474121094,42.95000076293945,41.54999923706055,42.54999923706055,108000
2024-06-07,43.29999923706055,43.849998474121094,41.75,42.099998474121094,181000
2024-06-11,44.25,46.54999923706055,43.5,43.599998474121094,176000
2024-06-12,48.650001525878906,48.650001525878906,45.45000076293945,46.5,973000
2024-06-13,48.45000076293945,50.0,47.79999923706055,49.70000076293945,672000
2024-06-14,49.400001525878906,51.0,48.45000076293945,49.29999923706055,417000
2024-06-17,50.79999923706055,50.79999923706055,49.45000076293945,49.95000076293945,341000
2024-06-18,49.650001525878906,50.79999923706055,49.599998474121094,50.70000076293945,216000
2024-06-19,49.150001525878906,50.0,48.349998474121094,50.0,238000
2024-06-20,48.849998474121094,49.099998474121094,48.099998474121094,49.099998474121094,233000
2024-06-21,48.849998474121094,49.900001525878906,48.45000076293945,48.5,180000
2024-06-24,47.45000076293945,48.45000076293945,47.04999923706055,47.04999923706055,190000
2024-06-25,47.5,47.95000076293945,46.04999923706055,47.54999923706055,281000
2024-06-26,46.70000076293945,48.0,46.5,48.0,175000
2024-06-27,46.0,46.5,45.599998474121094,46.20000076293945,241000
2024-06-28,46.400001525878906,46.45000076293945,45.900001525878906,46.0,115000
2024-07-01,46.650001525878906,47.599998474121094,46.45000076293945,46.95000076293945,151000
2024-07-02,45.25,47.70000076293945,45.25,47.70000076293945,179000
2024-07-03,45.5,47.04999923706055,44.849998474121094,45.400001525878906,177000
2024-07-04,45.54999923706055,46.29999923706055,45.20000076293945,45.45000076293945,110000
2024-07-05,46.0,46.04999923706055,45.04999923706055,45.5,153000
2024-07-08,44.900001525878906,46.95000076293945,44.75,45.099998474121094,407000
2024-07-09,43.099998474121094,45.0,42.04999923706055,44.79999923706055,529000
2024-07-10,42.54999923706055,43.04999923706055,40.70000076293945,40.70000076293945,386000
2024-07-11,42.20000076293945,43.0,41.75,41.75,144000
2024-07-12,41.70000076293945,43.0,41.650001525878906,42.04999923706055,150000
2024-07-15,40.599998474121094,41.650001525878906,38.29999923706055,41.54999923706055,484000
2024-07-16,39.79999923706055,40.599998474121094,39.650001525878906,40.25,166000
2024-07-17,38.79999923706055,39.95000076293945,38.5,39.95000076293945,196000
2024-07-18,40.04999923706055,40.95000076293945,37.0,38.0,392000
2024-07-19,38.650001525878906,40.79999923706055,38.54999923706055,40.20000076293945,109000
2024-07-22,37.099998474121094,38.650001525878906,36.650001525878906,38.650001525878906,177000
2024-07-23,36.79999923706055,37.25,36.5,37.20000076293945,144000
2024-07-26,35.70000076293945,36.5,35.20000076293945,36.5,359000
2024-07-29,34.95000076293945,36.79999923706055,34.79999923706055,36.79999923706055,131000
2024-07-30,35.099998474121094,35.45000076293945,34.45000076293945,34.95000076293945,75000
2024-07-31,35.79999923706055,35.79999923706055,34.04999923706055,34.04999923706055,60000
2024-08-01,39.349998474121094,39.349998474121094,35.900001525878906,35.900001525878906,211000
2024-08-02,36.900001525878906,39.349998474121094,36.5,39.349998474121094,232000
2024-08-05,33.25,36.20000076293945,33.25,36.20000076293945,248000
2024-08-06,34.75,34.900001525878906,33.04999923706055,33.099998474121094,85000
2024-08-07,37.900001525878906,38.150001525878906,33.599998474121094,34.599998474121094,148000
2024-08-08,37.0,37.650001525878906,35.54999923706055,36.04999923706055,94000
2024-08-09,39.099998474121094,39.099998474121094,37.349998474121094,37.349998474121094,111000
2024-08-12,38.349998474121094,39.0,37.849998474121094,38.849998474121094,88000
2024-08-13,37.650001525878906,38.349998474121094,37.599998474121094,38.349998474121094,57000
2024-08-14,38.400001525878906,38.400001525878906,36.599998474121094,37.75,100000
2024-08-15,38.0,38.0,37.0,38.0,82000
2024-08-16,38.25,38.400001525878906,37.25,38.400001525878906,46000
2024-08-19,39.900001525878906,41.45000076293945,37.400001525878906,38.04999923706055,200000
2024-08-20,38.79999923706055,40.0,38.75,38.75,137000
2024-08-21,38.25,39.0,38.25,39.0,27000
2024-08-22,38.349998474121094,39.20000076293945,37.599998474121094,37.79999923706055,39000
2024-08-23,38.349998474121094,38.79999923706055,37.849998474121094,37.849998474121094,33000
2024-08-26,38.099998474121094,38.45000076293945,38.099998474121094,38.349998474121094,10000
2024-08-27,38.95000076293945,39.0,38.099998474121094,39.0,11000
2024-08-28,39.79999923706055,41.29999923706055,39.20000076293945,39.75,128000
2024-08-29,39.849998474121094,40.04999923706055,39.150001525878906,39.79999923706055,50000
2024-08-30,38.79999923706055,40.0,38.70000076293945,39.150001525878906,129000
2024-09-02,38.75,39.20000076293945,38.75,38.900001525878906,37000
2024-09-03,40.849998474121094,41.04999923706055,38.900001525878906,38.900001525878906,158000
2024-09-04,40.04999923706055,40.75,39.5,40.75,84000
2024-09-05,39.349998474121094,40.150001525878906,39.349998474121094,39.70000076293945,54000
2024-09-06,39.900001525878906,40.349998474121094,39.400001525878906,39.400001525878906,53000
2024-09-09,38.75,40.0,38.650001525878906,40.0,56000
2024-09-10,38.400001525878906,40.099998474121094,37.849998474121094,40.04999923706055,82000
2024-09-11,38.25,38.79999923706055,37.70000076293945,38.25,44000
2024-09-12,38.099998474121094,38.349998474121094,38.099998474121094,38.29999923706055,26000
2024-09-13,37.650001525878906,38.099998474121094,37.5,38.099998474121094,21000
2024-09-16,39.5,39.75,38.900001525878906,38.95000076293945,44000
2024-09-18,39.599998474121094,40.0,39.599998474121094,40.0,6000
2024-09-19,39.25,39.400001525878906,38.54999923706055,38.849998474121094,15000
2024-09-20,38.900001525878906,40.0,39.0,40.0,24000
2024-09-23,40.25,40.95000076293945,39.150001525878906,39.150001525878906,67000
2024-09-24,40.29999923706055,40.70000076293945,39.75,40.599998474121094,53000
2024-09-25,41.0,41.45000076293945,40.0,40.29999923706055,208000
2024-09-26,42.099998474121094,45.099998474121094,41.70000076293945,42.400001525878906,765000
2024-09-27,42.099998474121094,42.5,41.150001525878906,42.349998474121094,165000
2024-09-30,42.04999923706055,42.900001525878906,42.0,42.0,65000
2024-10-01,42.650001525878906,42.900001525878906,41.79999923706055,42.20000076293945,100000
2024-10-04,42.54999923706055,42.900001525878906,42.0,42.29999923706055,56000
2024-10-07,46.400001525878906,46.79999923706055,42.54999923706055,42.54999923706055,763000
2024-10-08,51.0,51.0,48.20000076293945,48.20000076293945,1996000
2024-10-09,51.29999923706055,56.099998474121094,49.900001525878906,53.599998474121094,8347000
2024-10-11,55.29999923706055,56.400001525878906,51.599998474121094,52.900001525878906,9549000
2024-10-14,60.79999923706055,60.79999923706055,55.0,55.0,10386000
2024-10-15,59.79999923706055,66.80000305175781,55.099998474121094,62.5,17396000
2024-10-16,63.20000076293945,64.80000305175781,60.5,62.0,15674000
2024-10-17,65.0,65.0,62.0,62.70000076293945,2032000
2024-10-18,63.900001525878906,67.0,62.5,65.9000015258789,2041000
2024-10-21,63.29999923706055,65.0,62.5,63.70000076293945,1002000
2024-10-22,63.0,64.0,62.599998474121094,64.0,1080000
2024-10-23,64.30000305175781,64.9000015258789,63.0,63.0,1394000
2024-10-24,63.29999923706055,65.0999984741211,62.70000076293945,64.5999984741211,1035000
2024-10-25,63.20000076293945,64.5999984741211,63.0,64.5999984741211,676000
2024-10-28,62.0,64.9000015258789,59.900001525878906,64.5999984741211,1785000
2024-10-29,62.79999923706055,62.79999923706055,60.400001525878906,60.5,1189000
2024-10-30,67.0,67.0,64.0,64.0,3298000
2024-11-01,73.69999694824219,73.69999694824219,63.599998474121094,65.80000305175781,8965000
2024-11-04,81.0,81.0,75.0,75.80000305175781,32782000
2024-11-05,83.5,86.19999694824219,79.5999984741211,83.5,34935000
2024-11-06,84.5999984741211,88.0,78.5,82.5999984741211,28233000
2024-11-07,93.0,93.0,83.80000305175781,84.30000305175781,26992000
2024-11-08,89.4000015258789,96.0,89.4000015258789,91.0999984741211,26034000
2024-11-11,92.80000305175781,92.80000305175781,89.0,90.0999984741211,2282000
2024-11-12,91.19999694824219,92.5,91.0,92.5,1291000
2024-11-13,88.5,93.30000305175781,88.0999984741211,92.5,2070000
2024-11-14,88.0,89.0,85.5,88.5,1482000
2024-11-15,85.80000305175781,88.80000305175781,84.4000015258789,88.80000305175781,1394000
2024-11-18,80.80000305175781,85.0,80.80000305175781,85.0,2091000
2024-11-19,85.9000015258789,86.30000305175781,81.19999694824219,81.19999694824219,906000
2024-11-20,86.5,87.0999984741211,82.4000015258789,85.9000015258789,1066328
2024-11-21,90.5,91.80000305175781,85.5,85.5,1222000
2024-11-22,92.80000305175781,93.0,90.30000305175781,91.30000305175781,1316000
2024-11-25,93.5,95.0,93.0,93.4000015258789,1310000
2024-11-26,93.5,93.5999984741211,91.5999984741211,91.5999984741211,698000
2024-11-27,102.5,102.5,88.30000305175781,95.9000015258789,36733000
2024-11-28,92.30000305175781,103.0,92.30000305175781,102.5,19733000
2024-11-29,97.19999694824219,99.4000015258789,90.19999694824219,90.30000305175781,18178000
2024-12-02,106.5,106.5,93.19999694824219,98.5999984741211,26376000
2024-12-03,107.5,116.5,105.5,110.0,36133000
2024-12-04,108.0,113.5,105.0,107.5,26403000
2024-12-05,106.0,109.0,98.69999694824219,109.0,20254000
2024-12-06,111.0,113.5,101.5,103.5,26056000
2024-12-09,107.0,110.5,106.0,109.0,10665000
2024-12-10,96.30000305175781,106.5,96.30000305175781,106.5,16838000
2024-12-11,94.30000305175781,102.0,94.30000305175781,99.5,19640000
2024-12-12,97.9000015258789,98.80000305175781,87.4000015258789,95.69999694824219,22932000
2024-12-13,93.0,100.5,91.80000305175781,97.5,17209000
2024-12-16,92.19999694824219,98.30000305175781,90.0,95.0,12470000
2024-12-17,96.80000305175781,97.5999984741211,90.80000305175781,92.69999694824219,8645000
2024-12-18,106.0,106.0,93.9000015258789,96.0,20605000
2024-12-19,116.5,116.5,104.0,105.0,37018000
2024-12-20,122.5,123.0,111.5,116.5,46236000
2024-12-23,134.5,134.5,121.5,125.0,28590000
2024-12-24,124.5,138.0,122.5,137.0,43532000
2024-12-25,122.5,125.5,115.0,122.5,30639000
2024-12-26,134.5,134.5,123.5,125.0,32404000
2024-12-27,137.0,143.5,131.5,140.0,57742000
2024-12-30,131.5,139.5,131.5,138.0,15965000
2024-12-31,136.0,136.0,130.5,131.5,11185000
2025-01-02,129.5,137.5,129.5,133.5,13379000
2025-01-03,121.0,133.0,118.0,131.0,21594000
2025-01-06,120.5,125.0,117.5,125.0,10732000
2025-01-07,119.0,124.5,116.5,120.5,14718000
2025-01-08,130.5,130.5,118.0,119.0,18324000
2025-01-09,132.5,140.0,129.0,130.0,56962000
2025-01-10,137.0,145.0,132.5,135.0,45860000
2025-01-13,123.5,137.0,123.5,136.5,18328000
2025-01-14,121.5,125.5,120.0,123.5,14114000
2025-01-15,127.0,129.5,122.5,122.5,19038000
2025-01-16,139.5,139.5,129.5,131.0,24398000
2025-01-17,126.0,140.5,126.0,138.5,30070000
2025-01-20,132.5,132.5,123.0,125.0,16883000
2025-01-21,136.5,141.5,131.0,131.0,32727000
2025-01-22,139.0,141.0,134.0,139.0,33171000
2025-02-03,125.5,130.0,125.5,125.5,7622843
2025-02-04,121.0,127.0,113.5,126.5,19232657
2025-02-05,125.5,133.0,124.5,125.0,18810383
2025-02-06,132.0,136.5,127.5,127.5,19471100
2025-02-07,145.0,145.0,129.5,132.0,28312757
2025-02-10,145.5,146.0,133.0,133.0,33568783
2025-02-11,146.5,156.0,145.0,146.5,60460418
2025-02-12,143.5,149.5,132.0,147.0,43099468
2025-02-13,141.0,147.5,137.5,143.5,25181273
2025-02-14,138.0,145.0,135.0,144.5,14457638
2025-02-17,137.0,143.0,136.5,137.5,13517351
2025-02-18,135.0,139.0,132.0,138.5,14659925
2025-02-19,143.5,146.0,130.5,134.0,29532736
2025-02-20,136.0,145.5,135.5,143.5,19219805
2025-02-21,146.0,147.0,138.0,139.0,37402446
2025-02-24,145.0,148.0,140.5,142.5,15324236
2025-02-25,141.0,144.5,139.5,144.0,12429586
2025-02-26,137.0,143.5,137.0,140.0,10908242
2025-02-27,127.0,140.0,127.0,138.5,18752278
2025-03-03,114.5,125.5,114.5,121.5,18151410
2025-03-04,120.5,122.5,111.0,113.5,25387159
2025-03-05,122.5,125.0,117.5,120.5,20357982
2025-03-06,126.5,128.0,121.0,122.5,16540591
2025-03-07,123.0,130.5,121.5,125.5,18343211
2025-03-10,121.0,124.5,116.0,123.0,16172580
2025-03-11,113.0,117.0,111.5,116.0,14408574
2025-03-12,116.0,122.0,115.0,115.0,19414164
2025-03-13,112.0,121.0,111.5,119.0,19245322
2025-03-14,111.5,118.0,108.5,114.0,31909050
2025-03-17,107.5,115.5,107.0,113.5,21695503
2025-03-18,111.0,111.5,108.0,109.5,10226537
2025-03-19,108.5,112.5,108.5,112.0,8100408
2025-03-20,114.0,115.0,111.5,111.5,13910200
2025-03-21,111.5,114.5,111.0,113.0,7351905
2025-03-24,117.5,122.5,112.0,112.5,26286159
2025-03-25,129.0,129.0,121.5,124.0,29991691
2025-03-26,124.0,132.0,124.0,132.0,42000827
2025-03-27,128.0,132.0,121.5,122.0,21725280
2025-03-28,121.5,134.0,121.5,130.0,23146556
2025-03-31,115.0,124.5,113.0,113.0,13330833
2025-04-01,111.0,119.5,110.5,118.5,14144333
2025-04-02,112.0,113.5,108.0,111.5,9488082
2025-04-07,101.0,101.0,101.0,101.0,134156
2025-04-08,90.9000015258789,90.9000015258789,90.9000015258789,90.9000015258789,600382
2025-04-09,81.9000015258789,81.9000015258789,81.9000015258789,81.9000015258789,460505
2025-04-10,90.0,90.0,86.80000305175781,90.0,8202100
2025-04-11,84.69999694824219,85.69999694824219,81.0,81.0,11739003
2025-04-14,91.80000305175781,93.0999984741211,88.0,88.0999984741211,12103805
2025-04-15,100.5,100.5,93.5,96.0,12668631
2025-04-16,100.0,105.0,99.0999984741211,100.5,25526928
2025-04-17,98.0,101.0,95.4000015258789,100.0,15378354
2025-04-18,94.4000015258789,101.0,91.0999984741211,99.0,19068091
2025-04-21,86.69999694824219,93.9000015258789,86.69999694824219,93.19999694824219,12080354
2025-04-22,88.0,93.30000305175781,84.9000015258789,85.5,24225658
2025-04-23,92.9000015258789,95.5,91.0,92.0,19766286
2025-04-24,91.69999694824219,93.9000015258789,91.30000305175781,93.5,9029264
2025-04-25,92.4000015258789,96.9000015258789,92.19999694824219,95.0999984741211,11306721
2025-04-28,93.0,96.80000305175781,92.5,93.19999694824219,11673515
2025-04-29,94.30000305175781,96.5,91.5,93.0999984741211,9371260
2025-04-30,92.9000015258789,99.9000015258789,92.69999694824219,95.0999984741211,20811507
2025-05-02,95.0999984741211,97.4000015258789,94.0999984741211,95.19999694824219,9474407
2025-05-05,88.5,97.69999694824219,85.5999984741211,97.69999694824219,10500252
2025-05-06,88.0999984741211,90.0999984741211,86.5999984741211,87.0,6573606
2025-05-07,86.80000305175781,89.5999984741211,84.5999984741211,87.80000305175781,8352491
2025-05-08,87.0,87.80000305175781,85.19999694824219,86.80000305175781,6432097
2025-05-09,91.0,92.0,86.0999984741211,86.5,17578536
2025-05-12,87.5,91.30000305175781,87.0,90.5,10154368
2025-05-13,87.5,91.4000015258789,87.19999694824219,89.0,9125132
2025-05-14,96.19999694824219,96.19999694824219,87.19999694824219,89.5,26964067
2025-05-15,93.0999984741211,96.9000015258789,93.0999984741211,96.9000015258789,18681639
2025-05-16,92.0999984741211,94.69999694824219,91.5999984741211,93.30000305175781,6403022
2025-05-19,88.19999694824219,92.69999694824219,88.19999694824219,92.0,5383722
2025-05-20,87.5999984741211,91.0,87.5999984741211,89.0,4792870
2025-05-21,88.5,89.5,87.4000015258789,87.80000305175781,2466200
2025-05-22,85.69999694824219,87.5999984741211,84.69999694824219,87.5999984741211,3692500
2025-05-23,84.5,88.19999694824219,84.5,86.0999984741211,1886234
2025-05-26,82.5999984741211,85.30000305175781,81.9000015258789,83.4000015258789,4229100
2025-05-27,78.5999984741211,83.0999984741211,78.0,82.5999984741211,6981234
2025-05-28,77.30000305175781,80.9000015258789,76.80000305175781,80.0,6898683
2025-05-29,77.19999694824219,78.69999694824219,76.69999694824219,78.0999984741211,4069331
2025-06-02,75.5999984741211,76.69999694824219,73.30000305175781,76.4000015258789,3271352
2025-06-03,74.30000305175781,76.4000015258789,74.0999984741211,75.5999984741211,2856030
2025-06-04,75.0999984741211,76.4000015258789,74.5,75.0999984741211,2935104
2025-06-05,77.0,79.4000015258789,75.0,75.5,5809087
2025-06-06,75.0999984741211,78.0,75.0999984741211,76.19999694824219,3163189
2025-06-09,74.0999984741211,79.80000305175781,73.5,75.5999984741211,9333127
2025-06-10,75.0,75.4000015258789,73.5999984741211,74.69999694824219,3824732
2025-06-11,82.5,82.5,75.0,75.19999694824219,14475231
2025-06-12,89.0,90.5999984741211,81.0,83.0999984741211,39960838
2025-06-13,90.30000305175781,94.0,88.19999694824219,88.30000305175781,51059982
2025-06-16,99.30000305175781,99.30000305175781,89.0,89.0,40618375
2025-06-17,97.4000015258789,105.0,97.30000305175781,104.0,46443598
2025-06-18,101.0,106.0,97.9000015258789,99.0,39581842
2025-06-19,99.30000305175781,104.0,99.30000305175781,101.0,21893070
2025-06-20,101.5,101.5,96.80000305175781,99.80000305175781,23313049
2025-06-23,102.0,102.5,97.0999984741211,100.0,18018535
2025-06-24,112.0,112.0,103.5,106.0,19993791
2025-06-25,116.5,120.0,114.0,115.0,55045033
2025-06-26,116.0,123.0,115.5,117.5,40577713
2025-06-27,114.0,117.5,108.5,116.5,21664595
2025-06-30,109.0,114.5,108.0,114.5,11892590
2025-07-01,119.5,119.5,111.0,111.0,18564667
2025-07-02,121.0,123.0,115.5,119.5,51802529
2025-07-03,130.0,130.5,121.5,126.0,52129802
2025-07-04,143.0,143.0,130.5,132.5,57221475
2025-07-07,137.0,150.0,137.0,150.0,61729245
2025-07-08,141.0,141.0,135.5,138.5,42382196
2025-07-09,142.5,144.5,138.0,141.5,44390699
2025-07-10,156.5,156.5,141.0,143.5,56707051
2025-07-11,153.0,158.5,150.5,156.0,49563459
2025-07-14,148.5,159.5,148.0,157.0,39790665
2025-07-15,156.0,162.5,152.0,152.5,64138358
2025-07-16,162.0,163.0,155.5,158.0,35490730
2025-07-17,153.5,160.5,153.5,160.0,4844386
2025-07-18,154.0,156.5,150.5,153.5,2798431
2025-07-21,152.5,156.5,152.0,155.5,1643881
2025-07-22,142.5,155.5,140.0,154.5,5366229
2025-07-23,140.0,146.5,140.0,145.5,3915812
2025-07-24,149.5,151.0,141.5,143.0,3837528
2025-07-25,157.0,159.0,148.0,151.0,4141728
2025-07-28,158.0,159.5,154.0,157.0,2432727
2025-07-29,159.0,160.0,154.0,157.5,2407221
2025-07-30,159.0,161.5,157.5,161.0,1878452
2025-07-31,165.0,165.0,159.0,160.0,3946921
2025-08-04,160.5,167.0,152.5,165.5,19164989
2025-08-05,153.5,167.0,153.5,165.0,11899988
2025-08-06,168.5,168.5,148.0,153.0,26413760
2025-08-07,164.5,179.0,164.5,170.5,54792732
2025-08-08,158.0,165.0,158.0,163.5,13833610
2025-08-11,169.0,170.5,154.0,157.0,26065493
2025-08-12,170.5,185.5,170.0,174.5,37413080
2025-08-13,165.0,172.5,161.5,170.5,20094691
2025-08-14,159.0,163.5,159.0,161.0,2684025
2025-08-15,161.0,161.0,158.0,161.0,1269205
2025-08-18,162.0,162.0,158.0,158.0,1645050
2025-08-19,164.5,165.5,162.0,165.5,873457
2025-08-20,156.5,162.5,156.5,159.5,1417306
2025-08-21,152.0,159.5,151.0,158.0,1958100
2025-08-22,155.5,157.0,152.5,154.5,726031
2025-08-25,166.0,168.0,160.0,161.0,1203552
2025-08-26,168.0,168.0,164.0,165.0,966600
2025-08-27,175.0,175.0,170.5,171.5,2285833
2025-08-28,164.5,183.5,164.5,177.0,26092044
2025-08-29,160.5,173.0,160.0,167.5,16637870
2025-09-01,164.5,167.5,152.5,160.5,16379797
2025-09-02,165.5,167.5,157.0,166.5,10252682
2025-09-03,157.0,165.5,157.0,165.5,9812828
2025-09-04,144.0,153.5,144.0,153.5,3080384
2025-09-05,146.0,150.0,145.0,147.0,1565275
2025-09-08,151.0,151.0,146.0,148.0,715285
2025-09-09,154.0,154.0,147.0,153.5,710149
2025-09-10,159.5,159.5,153.0,155.0,871511
2025-09-11,158.0,158.5,154.0,158.5,801403
2025-09-12,154.5,159.5,154.5,159.5,374691
2025-09-15,150.0,153.5,148.0,153.5,564021
2025-09-16,158.0,158.0,152.5,152.5,494146
2025-09-17,157.0,159.0,154.0,156.0,733200
2025-09-18,154.0,166.0,152.0,161.0,16716497
2025-09-19,169.0,169.0,155.5,156.0,22665538
2025-09-22,168.5,172.5,163.5,168.5,21774086
2025-09-23,167.0,171.5,163.5,169.0,12265856
2025-09-24,160.0,170.5,159.0,168.0,10742011
2025-09-25,145.5,163.5,145.0,159.5,11126557
2025-09-26,132.0,145.5,131.5,144.5,9453413
2025-09-30,138.0,141.5,129.0,133.5,8733065
2025-10-01,135.0,141.0,134.5,137.5,5986827
2025-10-02,137.5,141.0,134.5,137.5,6277852
2025-10-03,142.5,145.5,137.0,137.5,5975259
2025-10-07,142.5,145.0,138.0,144.0,5333535
2025-10-08,141.5,145.5,139.5,141.5,4231333
2025-10-09,139.5,144.5,138.5,142.5,2660491
2025-10-13,137.0,138.0,131.5,131.5,2170050
2025-10-14,130.0,142.5,130.0,139.0,4706342
2025-10-15,134.0,135.0,128.5,133.0,3781135
2025-10-16,142.0,147.0,135.5,136.0,12035769
2025-10-17,141.0,143.5,139.5,141.0,4901262
2025-10-20,147.5,151.5,143.0,143.0,9931086
2025-10-21,146.5,152.0,146.0,148.0,6020090
2025-10-22,145.0,149.0,144.5,146.0,3902227
2025-10-23,142.5,144.5,140.5,144.0,2252104
2025-10-27,148.0,148.0,141.5,146.0,3859285
2025-10-28,162.5,162.5,147.5,150.0,16803645
2025-10-29,176.0,177.5,166.0,169.0,32256745
2025-10-30,166.0,178.5,163.5,177.0,23255381
2025-10-31,182.5,182.5,166.0,166.0,23768932
2025-11-03,175.0,184.0,173.5,183.0,25873380
2025-11-04,167.0,175.5,167.0,175.0,7882920
2025-11-05,169.5,170.0,156.5,157.0,8967061
2025-11-06,163.5,170.0,159.0,170.0,13183476
2025-11-07,159.5,163.0,159.5,161.0,1738702
2025-11-10,166.5,167.0,161.0,164.0,1941857
2025-11-11,163.0,170.0,163.0,167.5,1494295
2025-11-12,163.5,167.5,163.0,166.0,1532481
2025-11-13,168.0,168.5,164.5,166.5,1488652
2025-11-14,161.0,165.0,161.0,163.0,1463643
2025-11-17,166.5,167.0,161.5,161.5,1319658
2025-11-18,160.0,165.0,158.5,163.0,1051320
2025-11-19,158.5,161.0,157.0,159.5,722020
2025-11-20,162.0,165.5,162.0,163.5,894482
2025-11-21,150.0,157.5,146.0,155.5,2407111
2025-11-24,158.0,158.0,152.5,152.5,1192523
2025-11-25,165.0,169.5,157.5,162.0,14398824
2025-11-26,168.5,170.5,163.5,168.0,12987350
2025-11-27,166.5,175.5,166.0,172.0,16187173
2025-11-28,167.0,174.0,165.0,166.0,10473719
2025-12-01,159.5,166.0,158.5,166.0,8230909
2025-12-02,164.5,171.5,161.5,163.5,12025859
2025-12-03,160.0,166.0,159.0,164.0,10809384
2025-12-04,162.0,167.0,160.0,161.0,7810144
2025-12-05,163.0,163.0,160.5,162.0,1371400
2025-12-08,164.0,164.0,162.5,163.5,840802
2025-12-09,171.0,171.0,163.5,163.5,2181775
2025-12-10,170.5,174.0,170.0,174.0,1789448
2025-12-11,170.5,173.5,170.5,173.0,1858221
2025-12-12,175.0,175.0,171.5,171.5,2697726
2025-12-15,180.14138793945312,180.63491821289062,170.76416015625,170.76416015625,2849067
2025-12-16,180.63491821289062,181.1284637451172,171.75123596191406,180.63491821289062,2944715
2025-12-17,180.14138793945312,184.58322143554688,176.68661499023438,184.58322143554688,1927520
2025-12-18,176.1930694580078,181.6219940185547,174.71246337890625,180.14138793945312,1307639
2025-12-19,190.01214599609375,193.46690368652344,182.60906982421875,184.08969116210938,20621551
2025-12-22,211.5,211.5,200.0,200.5,4690974
2025-12-23,232.5,232.5,220.0,221.0,12429733
2025-12-24,232.0,237.5,225.0,227.5,20990631
2025-12-26,230.5,231.5,223.5,231.5,11706599
2025-12-29,223.0,230.0,221.5,230.0,1943800
2025-12-30,223.0,223.0,216.5,216.5,1180340
2025-12-31,228.5,229.5,219.0,219.0,910626
2026-01-02,226.5,227.5,223.0,227.5,706134
2026-01-05,220.0,231.5,218.0,231.5,953553
2026-01-06,217.5,222.0,217.0,218.0,785098
2026-01-07,212.5,224.0,212.5,222.0,640424
2026-01-08,209.5,215.0,209.5,210.0,723668
2026-01-09,216.5,219.5,206.0,206.0,874061
2026-01-12,233.0,235.0,222.5,222.5,1614822
2026-01-13,214.0,238.0,212.0,235.0,14332067
2026-01-14,200.5,219.0,197.0,218.0,10249660
2026-01-15,202.5,206.5,197.5,201.5,5961582
2026-01-16,201.5,210.0,199.0,205.5,6600264
2026-01-19,201.5,209.0,199.0,200.0,6988782
2026-01-20,207.0,208.0,198.0,198.0,1620270
2026-01-21,204.0,209.0,204.0,208.0,1258026
2026-01-22,207.0,209.0,206.5,209.0,884533
2026-01-23,204.5,209.0,203.5,209.0,778201
2026-01-26,203.0,204.0,201.0,204.0,646804
2026-01-27,212.5,212.5,205.5,205.5,1711309
2026-01-28,222.0,223.0,217.0,217.0,1754318
2026-01-29,230.0,231.0,223.0,231.0,2336178
2026-01-30,233.0,233.0,221.0,230.0,1511701
2026-02-02,231.5,232.0,225.5,227.0,1330557
2026-02-03,241.5,254.5,235.5,249.5,18130550
2026-02-04,265.5,265.5,238.0,242.5,17403420
2026-02-05,292.0,292.0,268.0,268.0,14827407
2026-02-06,263.0,279.0,263.0,278.5,10973710
2026-02-09,258.0,271.5,253.0,271.5,18505507
2026-02-10,262.0,262.0,250.0,256.5,2000081
2026-02-11,269.0,273.0,255.0,259.0,1991742
2026-02-23,279.0,280.0,273.0,274.0,1551458
2026-02-24,306.0,306.0,287.0,287.0,1937677
2026-02-25,324.0,324.0,302.5,319.5,1962078
2026-02-26,345.0,355.0,330.0,330.0,1242283
2026-03-02,372.0,379.5,344.0,344.0,1840722
2026-03-03,370.5,392.0,348.0,389.5,1724217
2026-03-04,333.5,345.0,333.5,345.0,1128587
2026-03-05,333.0,356.0,300.5,355.0,1825213
2026-03-06,343.0,343.0,320.0,320.0,1101065
2026-03-09,309.0,309.0,309.0,309.0,409742
2026-03-10,309.0,324.5,288.0,324.5,1168045
2026-03-11,339.5,339.5,320.0,320.0,1217134
2026-03-12,327.0,341.0,324.0,331.5,616619
2026-03-13,331.5,341.0,308.0,308.0,749654
2026-03-16,344.0,344.0,320.0,341.5,798859
2026-03-17,321.5,352.0,320.5,350.0,1473284
2026-03-18,353.5,353.5,313.0,333.0,9118071
2026-03-19,388.5,388.5,361.0,361.0,4213186
2026-03-20,427.0,427.0,393.5,415.5,19561907
2026-03-23,385.0,448.0,385.0,412.5,25107041
2026-03-24,397.5,423.5,397.0,415.0,21404699
2026-03-25,437.0,437.0,432.0,434.0,2625689
2026-03-26,442.0,477.0,430.0,439.5,17512377
2026-03-27,446.0,446.0,398.0,398.0,1228079
2026-03-30,430.0,430.0,412.0,412.0,865903
2026-03-31,390.0,413.0,388.0,409.0,1278916
2026-04-01,420.0,425.0,415.0,415.0,466502
2026-04-02,435.0,436.5,420.0,432.5,942593
2026-04-07,470.5,478.5,457.0,460.0,1280728
2026-04-08,517.0,517.0,508.0,508.0,1052256
2026-04-09,521.0,565.0,507.0,536.0,1364275
2026-04-10,552.0,552.0,510.0,529.0,840145
2026-04-13,583.0,597.0,565.0,567.0,1261707
2026-04-14,621.0,641.0,603.0,615.0,11103525
2026-04-15,606.0,629.0,606.0,620.0,812190
2026-04-16,600.0,609.0,572.0,609.0,990139
2026-04-17,660.0,660.0,622.0,628.0,947969
2026-04-20,724.0,725.0,678.0,678.0,874443
2026-04-21,721.0,724.0,670.0,724.0,776105
2026-04-22,693.0,707.0,688.0,701.0,723994
2026-04-23,635.0,720.0,624.0,720.0,943957
2026-04-24,596.0,651.0,572.0,650.0,1507706
2026-04-27,570.0,616.0,537.0,616.0,1316811
2026-04-28,627.0,627.0,583.0,588.0,767738
2026-04-29,615.0,672.0,605.0,631.0,8452843
2026-04-30,676.0,676.0,635.0,644.0,6632036
2026-05-04,677.0,731.0,665.0,731.0,7529392
2026-05-05,744.0,744.0,682.0,690.0,5475217
2026-05-06,725.0,771.0,685.0,752.0,11550369
2026-05-07,690.0,723.0,659.0,712.0,6785126
2026-05-08,644.0,692.0,640.0,656.0,6117470
2026-05-11,686.0,708.0,615.0,629.0,1395663
2026-05-12,740.0,740.0,690.0,721.0,1417051
2026-05-13,700.0,713.0,676.0,710.0,526283
2026-05-14,708.0,731.0,700.0,731.0,671938
2026-05-15,642.0,716.0,638.0,716.0,701321
2026-05-18,698.0,698.0,600.0,628.0,747678
2026-05-19,667.0,695.0,650.0,675.0,1006946
2026-05-20,700.0,700.0,679.0,688.0,854919
2026-05-21,740.0,750.0,720.0,723.0,900205
2026-05-22,814.0,814.0,750.0,766.0,1888313
2026-05-25,840.0,895.0,840.0,865.0,6234880
2026-05-26,870.0,877.0,791.0,850.0,4003586
2026-05-27,783.0,881.0,783.0,880.0,5078658
2026-05-28,,,,,6943129
